<?xml version="1.0" encoding="utf-8"?>
<updates>
    <update>
        <name>Bears Julian Clock</name>
        <description>Julian Clock module by Bear</description>
        <element>mod_julianclock</element>
        <type>module</type>
        <version>2025.06.09.7</version>
        <client>site</client>
        <infourl title="GitHub Repository">https://github.com/N6REJ/mod_julianclock</infourl>
        <downloads>
            <downloadurl type="full" format="zip">https://github.com/N6REJ/mod_julianclock/releases/download/2025.06.09.7/mod_julianclock_2025.06.09.7.zip</downloadurl>
        </downloads>
        <targetplatform name="joomla" version="4.*" />
        <targetplatform name="joomla" version="5.*" />
        <php_minimum>8.1</php_minimum>
    </update>
</updates>
